row,column,value
ac,market seed se,0.5025399684656131
ac,calibration ensemble sd,0.006645352668570728
ac,structural intervention sd,1.3434508388656403
ac,regime model sd,0.4533236618070067
ac,training seed sd,
dqn:ensemble,market seed se,0.49109997234360214
dqn:ensemble,calibration ensemble sd,0.8075331939179956
dqn:ensemble,structural intervention sd,1.1761175245432711
dqn:ensemble,regime model sd,4.143899147534663
dqn:ensemble,training seed sd,0.16386257411639676
dqn:single,market seed se,0.5864048503067565
dqn:single,calibration ensemble sd,0.156618727745404
dqn:single,structural intervention sd,1.0970972853182326
dqn:single,regime model sd,4.75394567510993
dqn:single,training seed sd,0.22306111411990467
pov,market seed se,0.37466685018856827
pov,calibration ensemble sd,0.7052035760891012
pov,structural intervention sd,0.9137045451473853
pov,regime model sd,1.0238348254660659
pov,training seed sd,
ppo:ensemble,market seed se,0.5390668316267996
ppo:ensemble,calibration ensemble sd,0.2966655903104586
ppo:ensemble,structural intervention sd,1.424272296951205
ppo:ensemble,regime model sd,3.4311853662056286
ppo:ensemble,training seed sd,0.5128794290485026
ppo:single,market seed se,0.49956993962578367
ppo:single,calibration ensemble sd,0.8743788059506381
ppo:single,structural intervention sd,1.010608633988598
ppo:single,regime model sd,1.9976183114664499
ppo:single,training seed sd,0.6225488635542694
twap,market seed se,0.5787008924729121
twap,calibration ensemble sd,0.21654978011370765
twap,structural intervention sd,1.4695283377038273
twap,regime model sd,0.5886478298466448
twap,training seed sd,
vwap,market seed se,0.6095072994555563
vwap,calibration ensemble sd,0.6543452016059093
vwap,structural intervention sd,1.3201803276483597
vwap,regime model sd,0.17183571020391783
vwap,training seed sd,
