label,group,x,y
c01-round3-049,near-optimal,2.342930999047206,2.58929875164226
c02-round2-032,advanced,2.301915502974028,2.921595278148981
c02-round3-000,advanced,2.360523070309897,2.822636976229637
c02-round3-002,advanced,2.323596711588623,2.940161205454498
c02-round3-010,advanced,2.2861241142031123,2.852573828343399
c02-round3-032,advanced,2.406474555624283,2.978965002489367
c02-round3-034,advanced,2.410591256028223,3.0330948539709635
c02-round3-044,advanced,2.3858346196342435,2.8031160622034346
c02-round3-046,advanced,2.4218799107899662,2.8982286109167266
c02-round3-048,advanced,2.350774568945454,2.764164222218755
c02-round3-051,advanced,2.378920425085561,2.884680061312914
c02-round3-053,advanced,2.360396211301345,2.9211765180248626
c02-round3-062,advanced,2.3748163276402816,2.930646434144563
c03-round3-004,advanced,2.3296961746161187,2.950237593292594
c03-round3-019,advanced,2.389451106319557,2.8888933616270993
c03-round3-023,advanced,2.3935893575957237,2.864401919643077
c03-round3-031,advanced,2.416914969155309,2.860822825578393
c03-round3-040,advanced,2.38060130845947,2.851905877295616
c03-round3-048,advanced,2.398366556967182,2.826818520858509
c04-round3-028,advanced,2.3155177755235914,2.8276590886018997
c04-round3-030,advanced,2.3379727102235623,2.7006261899105795
c04-round3-040,advanced,2.4000567336888494,2.9807825851191865
c04-round3-059,advanced,2.353264539025302,2.7220504248684683
c06-round2-038,advanced,2.3947257926283094,2.75347551983426
c06-round3-001,advanced,2.428465541351854,2.920722826573275
c06-round3-039,advanced,2.436499890746798,3.0979723589971737
c07-round3-009,near-optimal,2.169713945366617,2.4434166378748645
c07-round3-022,advanced,2.2968512430658596,2.8087961012996336
c07-round3-041,near-optimal,2.2599249192874127,2.554187265667076
c07-round3-049,near-optimal,2.330115638765558,2.6824749330624944
c07-round3-054,advanced,2.4144163762926434,2.915427814887542
c07-round3-057,advanced,2.391839784798462,2.850226969913589
