label,value (AUC)
ETH Jun (retro) logistic,0.9906501339815907
ETH Jun (retro) tree,0.9652682317414026
ETH Jun (retro) forest,1.0
ETH Jul (retro) logistic,0.9999960325332276
ETH Jul (retro) tree,0.9936619718309859
ETH Jul (retro) forest,1.0
BTC Jul (retro) logistic,1.0
BTC Jul (retro) tree,1.0
BTC Jul (retro) forest,1.0
ETH Aug (retro) logistic,0.9999940487998413
ETH Aug (retro) tree,0.9886937115651656
ETH Aug (retro) forest,0.9999980162666138
ETH Sep (fresh) logistic,1.0
ETH Sep (fresh) tree,0.9999285855980956
ETH Sep (fresh) forest,1.0
BTC Sep (fresh) logistic,1.0
BTC Sep (fresh) tree,1.0
BTC Sep (fresh) forest,1.0
