agent,label,seed,implementation,shortfall_bps,effective_bps,fill_frac,duration,children,vwap,arrival,gross_cost,total_cost,total_fees,fee_bps,gross_effective_bps,net_effective_bps,hypothetical_liquidation_cost,hypothetical_liquidation_fees,completion_penalty_bps,optimization_cost_bps,unpriced_leftover_qty,fillable_leftover_qty,outstanding_qty,status,invalid_reasons,accounting,scenario,episode_reward
twap,TWAP,101,twap,1.9779510975540338,1.9779510975540338,1.0,10.0,20,99.98522000000001,99.995,19.55999999998312,39.55704399998312,19.997044000000002,0.9999021951097555,0.9780489024442782,1.9779510975540338,0.0,0.0,0.0,1.9779510975540338,0,0,0,VALID,[],"{'cash': 199950.44295599998, 'inventory': 0, 'average_cost': 0.0, 'gross_realized_pnl': -19.559999999995796, 'unrealized_pnl': 0.0, 'total_fees': 19.997044000000002, 'realized_pnl': -39.5570439999958, 'equity': 199950.44295599998, 'total_pnl': -39.5570439999958}",baseline_foundation_study,
vwap,VWAP,101,vwap,2.0269486474324157,2.0269486474324157,1.0,10.0,20,99.98473,99.995,20.540000000000873,40.53694600000088,19.99694600000001,0.9998972948647437,1.0270513525676719,2.0269486474324157,0.0,0.0,0.0,2.0269486474324157,0,0,0,VALID,[],"{'cash': 199949.46305399996, 'inventory': 0, 'average_cost': 0.0, 'gross_realized_pnl': -20.539999999996297, 'unrealized_pnl': 0.0, 'total_fees': 19.99694600000001, 'realized_pnl': -40.536945999996306, 'equity': 199949.46305399996, 'total_pnl': -40.536945999996306}",baseline_foundation_study,
pov,POV,101,pov,2.121943897194248,2.121943897194248,1.0,10.0,19,99.98378000000001,99.995,22.439999999987776,42.436755999987774,19.996755999999998,0.9998877943897193,1.122056102804529,2.121943897194248,0.0,0.0,0.0,2.121943897194248,0,0,0,VALID,[],"{'cash': 199947.56324399996, 'inventory': 0, 'average_cost': 0.0, 'gross_realized_pnl': -22.43999999999727, 'unrealized_pnl': 0.0, 'total_fees': 19.996755999999998, 'realized_pnl': -42.43675599999727, 'equity': 199947.56324399996, 'total_pnl': -42.43675599999727}",baseline_foundation_study,
ac,Almgren-Chriss,101,ac,1.9664516725840804,1.9664516725840804,1.0,10.0,20,99.98533499999999,99.995,19.330000000009022,39.32706700000902,19.997067,0.9999033451672584,0.966548327416822,1.9664516725840804,0.0,0.0,0.0,1.9664516725840804,0,0,0,VALID,[],"{'cash': 199950.67293299994, 'inventory': 0, 'average_cost': 0.0, 'gross_realized_pnl': -19.329999999995678, 'unrealized_pnl': 0.0, 'total_fees': 19.997067, 'realized_pnl': -39.32706699999568, 'equity': 199950.67293299994, 'total_pnl': -39.32706699999568}",baseline_foundation_study,
heuristic,Heuristic,101,heuristic,1.9555064419884913,2.109943297164611,0.9,10.0,20,99.98531111111112,99.995,17.439999999995052,35.197355999995054,17.757356,0.8879121956097805,1.1220561028048928,2.109943297164611,5.0,1.9994,2.5,4.609943297164611,0,200,200,WARNING,[],"{'cash': 179955.802644, 'inventory': 200, 'average_cost': 99.995, 'gross_realized_pnl': -17.439999999996473, 'unrealized_pnl': -3.999999999999204, 'total_fees': 17.757356, 'realized_pnl': -35.197355999996475, 'equity': 199950.802644, 'total_pnl': -39.19735599999568}",baseline_foundation_study,-4.6099432971648575
random,Random,101,random,2.2819536072180227,2.382432121606885,0.9175,10.0,12,99.98204359673024,99.995,23.7750000000161,41.871755000016094,18.096754999999998,0.9048829941497074,1.3950697534884793,2.382432121606885,4.125,1.649505,2.0625,4.444932121606885,0,165,65,WARNING,[],"{'cash': 183448.95324499998, 'inventory': 165, 'average_cost': 99.995, 'gross_realized_pnl': -23.774999999999125, 'unrealized_pnl': -3.2999999999993435, 'total_fees': 18.096754999999998, 'realized_pnl': -41.871754999999126, 'equity': 199944.82824499998, 'total_pnl': -45.17175499999847}",baseline_foundation_study,-4.44493212160608
twap,TWAP,102,twap,2.882717564121605,2.882717564121605,1.0,10.0,20,99.98617,100.005,37.65999999999622,57.65723399999622,19.99723400000001,0.9998117094145297,1.8829058547070754,2.882717564121605,0.0,0.0,0.0,2.882717564121605,0,0,0,VALID,[],"{'cash': 199952.342766, 'inventory': 0, 'average_cost': 0.0, 'gross_realized_pnl': -37.659999999983796, 'unrealized_pnl': 0.0, 'total_fees': 19.99723400000001, 'realized_pnl': -57.6572339999838, 'equity': 199952.342766, 'total_pnl': -57.6572339999838}",baseline_foundation_study,
vwap,VWAP,102,vwap,2.8182272386374714,2.8182272386374714,1.0,10.0,20,99.986815,100.005,36.36999999998807,56.36736299998807,19.997363,0.9998181590920454,1.8184090795454262,2.8182272386374714,0.0,0.0,0.0,2.8182272386374714,0,0,0,VALID,[],"{'cash': 199953.63263700006, 'inventory': 0, 'average_cost': 0.0, 'gross_realized_pnl': -36.36999999998214, 'unrealized_pnl': 0.0, 'total_fees': 19.997363, 'realized_pnl': -56.36736299998214, 'equity': 199953.63263700006, 'total_pnl': -56.36736299998214}",baseline_foundation_study,
pov,POV,102,pov,2.837724313784049,2.837724313784049,1.0,10.0,18,99.98662,100.005,36.75999999999476,56.75732399999476,19.997324,0.9998162091895405,1.8379081045945083,2.837724313784049,0.0,0.0,0.0,2.837724313784049,0,0,0,VALID,[],"{'cash': 199953.24267600002, 'inventory': 0, 'average_cost': 0.0, 'gross_realized_pnl': -36.759999999981304, 'unrealized_pnl': 0.0, 'total_fees': 19.997324, 'realized_pnl': -56.7573239999813, 'equity': 199953.24267600002, 'total_pnl': -56.7573239999813}",baseline_foundation_study,
ac,Almgren-Chriss,102,ac,2.800729863506301,2.800729863506301,1.0,10.0,20,99.98699,100.005,36.01999999998952,56.01739799998953,19.997398000000004,0.99981990900455,1.800909954501751,2.800729863506301,0.0,0.0,0.0,2.800729863506301,0,0,0,VALID,[],"{'cash': 199953.982602, 'inventory': 0, 'average_cost': 0.0, 'gross_realized_pnl': -36.019999999984606, 'unrealized_pnl': 0.0, 'total_fees': 19.997398000000004, 'realized_pnl': -56.01739799998461, 'equity': 199953.982602, 'total_pnl': -56.01739799998461}",baseline_foundation_study,
heuristic,Heuristic,102,heuristic,2.7900026051333953,2.8322251387435275,0.9405,10.0,20,99.98613503455609,100.005,35.48500000000929,52.482573000009296,16.997573,0.8498361581920904,1.9229038548077242,2.8322251387435275,2.975,1.189762,1.4875,4.319725138743528,0,119,0,VALID,[],"{'cash': 188056.922427, 'inventory': 119, 'average_cost': 100.005, 'gross_realized_pnl': -35.48499999998232, 'unrealized_pnl': -2.3799999999995265, 'total_fees': 16.997573, 'realized_pnl': -52.482572999982324, 'equity': 199955.137427, 'total_pnl': -54.86257299998185}",baseline_foundation_study,-4.319725138743062
random,Random,102,random,2.5390460476983114,2.87671231438503,0.7,10.0,16,99.98872857142857,100.005,22.78000000000975,35.54842200000975,12.768422000000001,0.6383891805409729,1.938403079846757,2.87671231438503,15.990000000005239,5.998701,7.5,10.37671231438503,0,600,0,VALID,[],"{'cash': 139971.45157800004, 'inventory': 600, 'average_cost': 100.005, 'gross_realized_pnl': -22.779999999988917, 'unrealized_pnl': -11.999999999997613, 'total_fees': 12.768422000000001, 'realized_pnl': -35.54842199998892, 'equity': 199962.45157800004, 'total_pnl': -47.54842199998653}",baseline_foundation_study,-10.376712314384543
twap,TWAP,103,twap,2.6412537873103576,2.6412537873103576,1.0,10.0,20,99.988585,100.005,32.82999999999447,52.827716999994465,19.997716999999998,0.9998358582070895,1.6414179291032682,2.6412537873103576,0.0,0.0,0.0,2.6412537873103576,0,0,0,VALID,[],"{'cash': 199957.17228300005, 'inventory': 0, 'average_cost': 0.0, 'gross_realized_pnl': -32.82999999997534, 'unrealized_pnl': 0.0, 'total_fees': 19.997716999999998, 'realized_pnl': -52.82771699997534, 'equity': 199957.17228300005, 'total_pnl': -52.82771699997534}",baseline_foundation_study,
vwap,VWAP,103,vwap,3.014697765111163,3.014697765111163,1.0,10.0,20,99.98485000000001,100.005,40.29999999998836,60.29696999998836,19.99697,0.9997985100744964,2.0148992550366662,3.014697765111163,0.0,0.0,0.0,3.014697765111163,0,0,0,VALID,[],"{'cash': 199949.70303, 'inventory': 0, 'average_cost': 0.0, 'gross_realized_pnl': -40.299999999979164, 'unrealized_pnl': 0.0, 'total_fees': 19.99697, 'realized_pnl': -60.29696999997917, 'equity': 199949.70303, 'total_pnl': -60.29696999997917}",baseline_foundation_study,
pov,POV,103,pov,2.73673946302602,2.73673946302602,1.0,10.0,19,99.98763000000001,100.005,34.73999999998341,54.73752599998342,19.997526000000008,0.9998263086845661,1.7369131543414535,2.73673946302602,0.0,0.0,0.0,2.73673946302602,0,0,0,VALID,[],"{'cash': 199955.26247400005, 'inventory': 0, 'average_cost': 0.0, 'gross_realized_pnl': -34.73999999997514, 'unrealized_pnl': 0.0, 'total_fees': 19.997526000000008, 'realized_pnl': -54.73752599997515, 'equity': 199955.26247400005, 'total_pnl': -54.73752599997515}",baseline_foundation_study,
ac,Almgren-Chriss,103,ac,3.0096985150744646,3.0096985150744646,1.0,10.0,20,99.9849,100.005,40.200000000004366,60.19698000000437,19.996980000000004,0.9997990100494978,2.009899505024967,3.0096985150744646,0.0,0.0,0.0,3.0096985150744646,0,0,0,VALID,[],"{'cash': 199949.80302000008, 'inventory': 0, 'average_cost': 0.0, 'gross_realized_pnl': -40.19999999997911, 'unrealized_pnl': 0.0, 'total_fees': 19.996980000000004, 'realized_pnl': -60.19697999997912, 'equity': 199949.80302000008, 'total_pnl': -60.19697999997912}",baseline_foundation_study,
heuristic,Heuristic,103,heuristic,2.5089022120322997,2.6892340882955383,0.875,10.0,20,99.98848,100.005,28.910000000000764,43.90798400000077,14.997984000000008,0.7498617069146547,1.8144092795359759,2.6892340882955383,7.37999999999829,2.4993870000000005,3.125,5.814234088295539,0,250,50,WARNING,[],"{'cash': 174964.84201600004, 'inventory': 250, 'average_cost': 100.005, 'gross_realized_pnl': -28.90999999998104, 'unrealized_pnl': -4.999999999999005, 'total_fees': 14.997984000000008, 'realized_pnl': -43.90798399998105, 'equity': 199961.09201600004, 'total_pnl': -48.907983999980054}",baseline_foundation_study,-5.8142340882955
random,Random,103,random,2.826717364131692,2.826717364131692,1.0,8.5,15,99.98563,100.005,38.73999999999796,56.53717399999797,17.797174000000005,0.8898142092895358,1.936903154842156,2.826717364131692,0.0,0.0,0.0,2.826717364131692,0,0,0,VALID,[],"{'cash': 199953.462826, 'inventory': 0, 'average_cost': 0.0, 'gross_realized_pnl': -38.73999999997963, 'unrealized_pnl': 0.0, 'total_fees': 17.797174000000005, 'realized_pnl': -56.537173999979636, 'equity': 199953.462826, 'total_pnl': -56.537173999979636}",baseline_foundation_study,-2.8267173641317935
twap,TWAP,104,twap,2.170441472073778,2.170441472073778,1.0,10.0,20,99.983295,99.995,23.410000000003492,43.406659000003486,19.996658999999998,0.9998829441472071,1.170558527926571,2.170441472073778,0.0,0.0,0.0,2.170441472073778,0,0,0,VALID,[],"{'cash': 199946.59334100006, 'inventory': 0, 'average_cost': 0.0, 'gross_realized_pnl': -23.409999999997765, 'unrealized_pnl': 0.0, 'total_fees': 19.996658999999998, 'realized_pnl': -43.40665899999776, 'equity': 199946.59334100006, 'total_pnl': -43.40665899999776}",baseline_foundation_study,
vwap,VWAP,104,vwap,2.282935846791787,2.282935846791787,1.0,10.0,20,99.98217000000001,99.995,25.65999999998894,45.65643399998895,19.996434000000004,0.9998716935846794,1.2830641532071072,2.282935846791787,0.0,0.0,0.0,2.282935846791787,0,0,0,VALID,[],"{'cash': 199944.343566, 'inventory': 0, 'average_cost': 0.0, 'gross_realized_pnl': -25.659999999998917, 'unrealized_pnl': 0.0, 'total_fees': 19.996434000000004, 'realized_pnl': -45.656433999998924, 'equity': 199944.343566, 'total_pnl': -45.656433999998924}",baseline_foundation_study,
pov,POV,104,pov,2.3499324966251955,2.3499324966251955,1.0,10.0,19,99.9815,99.995,27.000000000007276,46.99630000000728,19.996300000000005,0.9998649932496627,1.3500675033755325,2.3499324966251955,0.0,0.0,0.0,2.3499324966251955,0,0,0,VALID,[],"{'cash': 199943.0037, 'inventory': 0, 'average_cost': 0.0, 'gross_realized_pnl': -26.999999999999602, 'unrealized_pnl': 0.0, 'total_fees': 19.996300000000005, 'realized_pnl': -46.99629999999961, 'equity': 199943.0037, 'total_pnl': -46.99629999999961}",baseline_foundation_study,
ac,Almgren-Chriss,104,ac,2.1234438221908047,2.1234438221908047,1.0,10.0,20,99.983765,99.995,22.469999999993888,42.4667529999939,19.996753000000016,0.99988764438222,1.1235561778085847,2.1234438221908047,0.0,0.0,0.0,2.1234438221908047,0,0,0,VALID,[],"{'cash': 199947.53324699998, 'inventory': 0, 'average_cost': 0.0, 'gross_realized_pnl': -22.46999999999869, 'unrealized_pnl': 0.0, 'total_fees': 19.996753000000016, 'realized_pnl': -42.466752999998704, 'equity': 199947.53324699998, 'total_pnl': -42.466752999998704}",baseline_foundation_study,
heuristic,Heuristic,104,heuristic,1.814944207701238,1.8714551227564955,0.9175,10.0,20,99.9843651226158,99.995,19.51500000000715,33.30256100000715,13.787561000000002,0.6894125206260313,1.099554977749245,1.8714551227564955,2.475,1.64967,2.0625,3.9339551227564957,0,165,0,VALID,[],"{'cash': 183457.522439, 'inventory': 165, 'average_cost': 99.995, 'gross_realized_pnl': -19.514999999997315, 'unrealized_pnl': -1.6500000000008441, 'total_fees': 13.787561000000002, 'realized_pnl': -33.30256099999732, 'equity': 199955.047439, 'total_pnl': -34.95256099999816}",baseline_foundation_study,-3.933955122756138
random,Random,104,random,1.692802821958633,1.767461623080567,0.9075,10.0,13,99.98652892561984,99.995,15.374999999988267,30.722834999988265,15.347834999999996,0.7674301215060751,0.9075453772682769,1.767461623080567,2.775,1.8496299999999999,2.3125,4.0799616230805675,0,185,0,VALID,[],"{'cash': 181460.20216500002, 'inventory': 185, 'average_cost': 99.995, 'gross_realized_pnl': -15.37499999999497, 'unrealized_pnl': -1.8500000000009464, 'total_fees': 15.347834999999996, 'realized_pnl': -30.722834999994966, 'equity': 199957.42716500003, 'total_pnl': -32.57283499999591}",baseline_foundation_study,-4.079961623081155
twap,TWAP,105,twap,2.7527370631474537,2.7527370631474537,1.0,10.0,20,99.98747,100.005,35.060000000012224,55.05749400001222,19.997493999999996,0.9998247087645616,1.752912354382892,2.7527370631474537,0.0,0.0,0.0,2.7527370631474537,0,0,0,VALID,[],"{'cash': 199954.94250600002, 'inventory': 0, 'average_cost': 0.0, 'gross_realized_pnl': -35.05999999997971, 'unrealized_pnl': 0.0, 'total_fees': 19.997493999999996, 'realized_pnl': -55.057493999979705, 'equity': 199954.94250600002, 'total_pnl': -55.057493999979705}",baseline_foundation_study,
vwap,VWAP,105,vwap,1.9498575071253719,1.9498575071253719,1.0,10.0,20,99.99549999999999,100.005,19.000000000014552,38.999100000014565,19.99910000000001,0.999905004749763,0.9499525023756088,1.9498575071253719,0.0,0.0,0.0,1.9498575071253719,0,0,0,VALID,[],"{'cash': 199971.0009, 'inventory': 0, 'average_cost': 0.0, 'gross_realized_pnl': -18.99999999998272, 'unrealized_pnl': 0.0, 'total_fees': 19.99910000000001, 'realized_pnl': -38.99909999998273, 'equity': 199971.0009, 'total_pnl': -38.99909999998273}",baseline_foundation_study,
pov,POV,105,pov,2.8332249887512027,2.8332249887512027,1.0,10.0,19,99.986665,100.005,36.670000000012806,56.6673330000128,19.997332999999998,0.9998166591670414,1.833408329584161,2.8332249887512027,0.0,0.0,0.0,2.8332249887512027,0,0,0,VALID,[],"{'cash': 199953.33266699992, 'inventory': 0, 'average_cost': 0.0, 'gross_realized_pnl': -36.66999999997735, 'unrealized_pnl': 0.0, 'total_fees': 19.997332999999998, 'realized_pnl': -56.66733299997735, 'equity': 199953.33266699992, 'total_pnl': -56.66733299997735}",baseline_foundation_study,
ac,Almgren-Chriss,105,ac,2.3542968351577036,2.3542968351577036,1.0,10.0,20,99.991455,100.005,27.08999999998923,47.08829099998923,19.998291000000002,0.9998645567721615,1.3544322783855425,2.3542968351577036,0.0,0.0,0.0,2.3542968351577036,0,0,0,VALID,[],"{'cash': 199962.91170900007, 'inventory': 0, 'average_cost': 0.0, 'gross_realized_pnl': -27.089999999979938, 'unrealized_pnl': 0.0, 'total_fees': 19.998291000000002, 'realized_pnl': -47.08829099997994, 'equity': 199962.91170900007, 'total_pnl': -47.08829099997994}",baseline_foundation_study,
heuristic,Heuristic,105,heuristic,2.7486240944080316,2.8407238638069767,0.898,10.0,20,99.98586302895323,100.005,34.37000000000502,49.36775700000502,14.997757000000002,0.7498503574821259,1.9889005549724188,2.8407238638069767,5.409999999998327,2.039561,2.55,5.3907238638069765,0,204,4,WARNING,[],"{'cash': 179559.61224300007, 'inventory': 204, 'average_cost': 100.005, 'gross_realized_pnl': -34.36999999998052, 'unrealized_pnl': -4.079999999999188, 'total_fees': 14.997757000000002, 'realized_pnl': -49.36775699998052, 'equity': 199956.55224300007, 'total_pnl': -53.44775699997971}",baseline_foundation_study,-5.390723863806725
random,Random,105,random,2.7332399880010074,2.7332399880010074,1.0,10.0,15,99.98685499999999,100.005,36.29000000000815,54.66753300000815,18.377533000000003,0.9188307084645769,1.8144092795364306,2.7332399880010074,0.0,0.0,0.0,2.7332399880010074,0,0,0,VALID,[],"{'cash': 199955.332467, 'inventory': 0, 'average_cost': 0.0, 'gross_realized_pnl': -36.289999999978775, 'unrealized_pnl': 0.0, 'total_fees': 18.377533000000003, 'realized_pnl': -54.667532999978775, 'equity': 199955.332467, 'total_pnl': -54.667532999978775}",baseline_foundation_study,-2.7332399880005998
twap,TWAP,106,twap,1.852457372869517,1.852457372869517,1.0,10.0,20,99.986475,99.995,17.050000000017462,37.04729500001747,19.99729500000001,0.9999147457372873,0.8525426271322297,1.852457372869517,0.0,0.0,0.0,1.852457372869517,0,0,0,VALID,[],"{'cash': 199952.95270500006, 'inventory': 0, 'average_cost': 0.0, 'gross_realized_pnl': -17.04999999999451, 'unrealized_pnl': 0.0, 'total_fees': 19.99729500000001, 'realized_pnl': -37.04729499999452, 'equity': 199952.95270500006, 'total_pnl': -37.04729499999452}",baseline_foundation_study,
vwap,VWAP,106,vwap,1.7439627981405037,1.7439627981405037,1.0,10.0,20,99.98756,99.995,14.880000000011933,34.87751200001193,19.997512000000004,0.9999255962798143,0.7440372018606897,1.7439627981405037,0.0,0.0,0.0,1.7439627981405037,0,0,0,VALID,[],"{'cash': 199955.12248799996, 'inventory': 0, 'average_cost': 0.0, 'gross_realized_pnl': -14.879999999993402, 'unrealized_pnl': 0.0, 'total_fees': 19.997512000000004, 'realized_pnl': -34.8775119999934, 'equity': 199955.12248799996, 'total_pnl': -34.8775119999934}",baseline_foundation_study,
pov,POV,106,pov,1.2964851742590915,1.2964851742590915,1.0,10.0,19,99.992035,99.995,5.930000000007567,25.92840700000757,19.998407000000004,0.999970348517426,0.29651482574166543,1.2964851742590915,0.0,0.0,0.0,1.2964851742590915,0,0,0,VALID,[],"{'cash': 199964.07159300006, 'inventory': 0, 'average_cost': 0.0, 'gross_realized_pnl': -5.929999999994777, 'unrealized_pnl': 0.0, 'total_fees': 19.998407000000004, 'realized_pnl': -25.92840699999478, 'equity': 199964.07159300006, 'total_pnl': -25.92840699999478}",baseline_foundation_study,
ac,Almgren-Chriss,106,ac,1.9034548227414863,1.9034548227414863,1.0,10.0,20,99.985965,99.995,18.070000000006985,38.06719300000698,19.997193,0.999909645482274,0.9035451772592122,1.9034548227414863,0.0,0.0,0.0,1.9034548227414863,0,0,0,VALID,[],"{'cash': 199951.932807, 'inventory': 0, 'average_cost': 0.0, 'gross_realized_pnl': -18.069999999995034, 'unrealized_pnl': 0.0, 'total_fees': 19.997193, 'realized_pnl': -38.06719299999503, 'equity': 199951.932807, 'total_pnl': -38.06719299999503}",baseline_foundation_study,
heuristic,Heuristic,106,heuristic,1.2872078603921142,1.3084845742278968,0.9,10.0,20,99.9921277777778,99.995,5.169999999983702,23.168582999983705,17.998583000000004,0.8999741487074355,0.30851542577047364,1.3084845742278968,1.0,1.9998,2.5,3.8084845742278968,0,200,200,WARNING,[],"{'cash': 179967.831417, 'inventory': 200, 'average_cost': 99.995, 'gross_realized_pnl': -5.169999999997685, 'unrealized_pnl': 0.9999999999990905, 'total_fees': 17.998583000000004, 'realized_pnl': -23.16858299999769, 'equity': 199967.831417, 'total_pnl': -22.1685829999986}",baseline_foundation_study,-3.8084845742287117
random,Random,106,random,1.1806819297200652,1.2154848742443214,0.891,10.0,14,99.99270482603815,99.995,4.090000000012187,21.038700000012184,16.9487,0.8474773738686934,0.2590129506481418,1.2154848742443214,1.09,2.1797820000000003,2.725,3.9404848742443215,0,218,0,VALID,[],"{'cash': 178170.05130000002, 'inventory': 218, 'average_cost': 99.995, 'gross_realized_pnl': -4.08999999999628, 'unrealized_pnl': 1.0899999999990087, 'total_fees': 16.9487, 'realized_pnl': -21.03869999999628, 'equity': 199970.05130000002, 'total_pnl': -19.94869999999727}",baseline_foundation_study,-3.9404848742437126
twap,TWAP,107,twap,1.3994400779956344,1.3994400779956344,1.0,10.0,20,100.001005,100.005,7.989999999990687,27.990200999990684,20.000200999999997,0.9999600519973999,0.39948002599823446,1.3994400779956344,0.0,0.0,0.0,1.3994400779956344,0,0,0,VALID,[],"{'cash': 199982.00979899993, 'inventory': 0, 'average_cost': 0.0, 'gross_realized_pnl': -7.989999999984462, 'unrealized_pnl': 0.0, 'total_fees': 20.000200999999997, 'realized_pnl': -27.99020099998446, 'equity': 199982.00979899993, 'total_pnl': -27.99020099998446}",baseline_foundation_study,
vwap,VWAP,107,vwap,1.367444877756403,1.367444877756403,1.0,10.0,20,100.001325,100.005,7.350000000005821,27.350265000005816,20.000264999999995,0.9999632518374079,0.3674816259189951,1.367444877756403,0.0,0.0,0.0,1.367444877756403,0,0,0,VALID,[],"{'cash': 199982.649735, 'inventory': 0, 'average_cost': 0.0, 'gross_realized_pnl': -7.349999999985542, 'unrealized_pnl': 0.0, 'total_fees': 20.000264999999995, 'realized_pnl': -27.350264999985537, 'equity': 199982.649735, 'total_pnl': -27.350264999985537}",baseline_foundation_study,
pov,POV,107,pov,0.9080137993094812,0.9080137993094812,1.0,10.0,19,100.00592,100.005,-1.8400000000110595,18.161183999988936,20.001183999999995,1.0000091995400229,-0.09199540023054145,0.9080137993094812,0.0,0.0,0.0,0.9080137993094812,0,0,0,VALID,[],"{'cash': 199991.8388160001, 'inventory': 0, 'average_cost': 0.0, 'gross_realized_pnl': 1.8400000000153796, 'unrealized_pnl': 0.0, 'total_fees': 20.001183999999995, 'realized_pnl': -18.161183999984615, 'equity': 199991.8388160001, 'total_pnl': -18.161183999984615}",baseline_foundation_study,
ac,Almgren-Chriss,107,ac,2.1453281835913587,2.1453281835913587,1.0,10.0,20,99.993545,100.005,22.91000000001077,42.90870900001077,19.998708999999998,0.9998854557272135,1.1454427278641452,2.1453281835913587,0.0,0.0,0.0,2.1453281835913587,0,0,0,VALID,[],"{'cash': 199967.09129100005, 'inventory': 0, 'average_cost': 0.0, 'gross_realized_pnl': -22.909999999979945, 'unrealized_pnl': 0.0, 'total_fees': 19.998708999999998, 'realized_pnl': -42.90870899997994, 'equity': 199967.09129100005, 'total_pnl': -42.90870899997994}",baseline_foundation_study,
heuristic,Heuristic,107,heuristic,1.6034203683567008,1.71534728263659,0.927,10.0,20,99.99651564185544,100.005,15.730000000014698,29.728900000014697,13.9989,0.699910004499775,0.9424528773568543,1.71534728263659,3.119999999999745,1.459761,1.825,3.5403472826365903,0,146,0,VALID,[],"{'cash': 185379.5411, 'inventory': 146, 'average_cost': 100.005, 'gross_realized_pnl': -15.729999999979242, 'unrealized_pnl': -1.4599999999986721, 'total_fees': 13.9989, 'realized_pnl': -29.72889999997924, 'equity': 199978.8111, 'total_pnl': -31.188899999977913}",baseline_foundation_study,-3.5403472826358557
random,Random,107,random,1.129474776260736,1.129474776260736,1.0,9.5,15,100.003415,100.005,3.169999999990978,22.59062499999098,19.420625,0.9709827008649569,0.15849207539577911,1.129474776260736,0.0,0.0,0.0,1.129474776260736,0,0,0,VALID,[],"{'cash': 199987.40937500005, 'inventory': 0, 'average_cost': 0.0, 'gross_realized_pnl': -3.1699999999855493, 'unrealized_pnl': 0.0, 'total_fees': 19.420625, 'realized_pnl': -22.59062499998555, 'equity': 199987.40937500005, 'total_pnl': -22.59062499998555}",baseline_foundation_study,-1.1294747762611868
twap,TWAP,108,twap,2.0497375393683672,2.0497375393683672,1.0,10.0,20,100.00450000000001,100.015,20.999999999985448,41.00089999998545,20.000900000000005,0.9998950157476382,1.0498425236207292,2.0497375393683672,0.0,0.0,0.0,2.0497375393683672,0,0,0,VALID,[],"{'cash': 199988.99910000007, 'inventory': 0, 'average_cost': 0.0, 'gross_realized_pnl': -20.99999999999511, 'unrealized_pnl': 0.0, 'total_fees': 20.000900000000005, 'realized_pnl': -41.00089999999511, 'equity': 199988.99910000007, 'total_pnl': -41.00089999999511}",baseline_foundation_study,
vwap,VWAP,108,vwap,1.7673081537768613,1.7673081537768613,1.0,10.0,20,100.00732500000001,100.015,15.349999999998545,35.351464999998555,20.001465000000007,0.9999232615107738,0.7673848922660874,1.7673081537768613,0.0,0.0,0.0,1.7673081537768613,0,0,0,VALID,[],"{'cash': 199994.6485350001, 'inventory': 0, 'average_cost': 0.0, 'gross_realized_pnl': -15.349999999993642, 'unrealized_pnl': 0.0, 'total_fees': 20.001465000000007, 'realized_pnl': -35.35146499999365, 'equity': 199994.6485350001, 'total_pnl': -35.35146499999365}",baseline_foundation_study,
pov,POV,108,pov,1.988752787081516,1.988752787081516,1.0,10.0,19,100.00511,100.015,19.77999999999156,39.781021999991566,20.001022000000006,0.9999011148327753,0.9888516722487407,1.988752787081516,0.0,0.0,0.0,1.988752787081516,0,0,0,VALID,[],"{'cash': 199990.21897800002, 'inventory': 0, 'average_cost': 0.0, 'gross_realized_pnl': -19.77999999999554, 'unrealized_pnl': 0.0, 'total_fees': 20.001022000000006, 'realized_pnl': -39.781021999995545, 'equity': 199990.21897800002, 'total_pnl': -39.781021999995545}",baseline_foundation_study,
ac,Almgren-Chriss,108,ac,1.7993001549759244,1.7993001549759244,1.0,10.0,20,100.007005,100.015,15.98999999998341,35.99140099998341,20.001401,0.9999200619907015,0.7993800929852227,1.7993001549759244,0.0,0.0,0.0,1.7993001549759244,0,0,0,VALID,[],"{'cash': 199994.00859900008, 'inventory': 0, 'average_cost': 0.0, 'gross_realized_pnl': -15.98999999999397, 'unrealized_pnl': 0.0, 'total_fees': 20.001401, 'realized_pnl': -35.99140099999397, 'equity': 199994.00859900008, 'total_pnl': -35.99140099999397}",baseline_foundation_study,
heuristic,Heuristic,108,heuristic,2.051403789431197,2.1832041693743243,0.9,10.0,20,100.00448333333334,100.015,18.929999999993015,36.93080699999301,18.000807,0.8999053641953706,1.1833225016244873,2.1832041693743243,4.740000000001601,1.9998259999999999,2.5,4.683204169374324,0,200,200,WARNING,[],"{'cash': 179990.06919300003, 'inventory': 200, 'average_cost': 100.015, 'gross_realized_pnl': -18.929999999995573, 'unrealized_pnl': -2.000000000001023, 'total_fees': 18.000807, 'realized_pnl': -36.93080699999557, 'equity': 199991.06919300003, 'total_pnl': -38.93080699999659}",baseline_foundation_study,-4.683204169374674
random,Random,108,random,1.7397433366492578,1.8012937559362345,0.919,10.0,16,100.00727965179544,100.015,14.189999999992507,31.981278999992504,17.791279,0.889430535419687,0.8308753686943213,1.8012937559362345,2.43,1.62,2.025,3.826293755936234,0,162,162,WARNING,[],"{'cash': 183795.58872100015, 'inventory': 162, 'average_cost': 100.015, 'gross_realized_pnl': -14.1899999999942, 'unrealized_pnl': -1.6200000000008288, 'total_fees': 17.791279, 'realized_pnl': -31.9812789999942, 'equity': 199996.39872100015, 'total_pnl': -33.60127899999503}",baseline_foundation_study,-3.8262937559366095
twap,TWAP,109,twap,2.0318452077388565,2.0318452077388565,1.0,10.0,20,99.99468000000002,100.005,20.639999999984866,40.63893599998487,19.998936,0.999896805159742,1.0319484025791144,2.0318452077388565,0.0,0.0,0.0,2.0318452077388565,0,0,0,VALID,[],"{'cash': 199969.361064, 'inventory': 0, 'average_cost': 0.0, 'gross_realized_pnl': -20.639999999982734, 'unrealized_pnl': 0.0, 'total_fees': 19.998936, 'realized_pnl': -40.638935999982735, 'equity': 199969.361064, 'total_pnl': -40.638935999982735}",baseline_foundation_study,
vwap,VWAP,109,vwap,2.187821808909656,2.187821808909656,1.0,10.0,20,99.99312,100.005,23.760000000002037,43.75862400000203,19.998623999999992,0.9998812059397026,1.1879406029699533,2.187821808909656,0.0,0.0,0.0,2.187821808909656,0,0,0,VALID,[],"{'cash': 199966.24137600005, 'inventory': 0, 'average_cost': 0.0, 'gross_realized_pnl': -23.75999999998365, 'unrealized_pnl': 0.0, 'total_fees': 19.998623999999992, 'realized_pnl': -43.75862399998364, 'equity': 199966.24137600005, 'total_pnl': -43.75862399998364}",baseline_foundation_study,
pov,POV,109,pov,1.8333749812515774,1.8333749812515774,1.0,10.0,19,99.996665,100.005,16.670000000012806,36.6693330000128,19.999332999999996,0.9999166541672915,0.833458327084286,1.8333749812515774,0.0,0.0,0.0,1.8333749812515774,0,0,0,VALID,[],"{'cash': 199973.33066699997, 'inventory': 0, 'average_cost': 0.0, 'gross_realized_pnl': -16.66999999998484, 'unrealized_pnl': 0.0, 'total_fees': 19.999332999999996, 'realized_pnl': -36.66933299998483, 'equity': 199973.33066699997, 'total_pnl': -36.66933299998483}",baseline_foundation_study,
ac,Almgren-Chriss,109,ac,2.154826758662722,2.154826758662722,1.0,10.0,20,99.99345,100.005,23.100000000013097,43.0986900000131,19.998690000000003,0.9998845057747114,1.1549422528880104,2.154826758662722,0.0,0.0,0.0,2.154826758662722,0,0,0,VALID,[],"{'cash': 199966.90131000002, 'inventory': 0, 'average_cost': 0.0, 'gross_realized_pnl': -23.099999999982572, 'unrealized_pnl': 0.0, 'total_fees': 19.998690000000003, 'realized_pnl': -43.098689999982575, 'equity': 199966.90131000002, 'total_pnl': -43.098689999982575}",baseline_foundation_study,
heuristic,Heuristic,109,heuristic,1.7313188161900994,1.7858792060393125,0.929,10.0,20,99.99737351991389,100.005,14.169999999992287,32.16951199999229,17.999512,0.8999306034698265,0.8149592520370126,1.7858792060393125,2.13,1.419858,1.775,3.5608792060393126,0,142,142,WARNING,[],"{'cash': 185777.12048799996, 'inventory': 142, 'average_cost': 100.005, 'gross_realized_pnl': -14.169999999987112, 'unrealized_pnl': -1.4199999999987085, 'total_fees': 17.999512, 'realized_pnl': -32.16951199998711, 'equity': 199976.41048799996, 'total_pnl': -33.58951199998582}",baseline_foundation_study,-3.560879206039698
random,Random,109,random,1.3879194040290714,1.3879194040290714,1.0,10.0,17,99.99950000000001,100.005,10.999999999985448,27.759775999985454,16.759776000000006,0.8379469026548676,0.5499725013742037,1.3879194040290714,0.0,0.0,0.0,1.3879194040290714,0,0,0,VALID,[],"{'cash': 199982.240224, 'inventory': 0, 'average_cost': 0.0, 'gross_realized_pnl': -10.999999999988233, 'unrealized_pnl': 0.0, 'total_fees': 16.759776000000006, 'realized_pnl': -27.75977599998824, 'equity': 199982.240224, 'total_pnl': -27.75977599998824}",baseline_foundation_study,-1.3879194040297986
twap,TWAP,110,twap,2.615419220960932,2.615419220960932,1.0,10.0,20,99.978845,99.995,32.30999999999767,52.305768999997674,19.995769000000003,0.9998384419220963,1.6155807790388355,2.615419220960932,0.0,0.0,0.0,2.615419220960932,0,0,0,VALID,[],"{'cash': 199937.69423099997, 'inventory': 0, 'average_cost': 0.0, 'gross_realized_pnl': -32.31000000000232, 'unrealized_pnl': 0.0, 'total_fees': 19.995769000000003, 'realized_pnl': -52.30576900000232, 'equity': 199937.69423099997, 'total_pnl': -52.30576900000232}",baseline_foundation_study,
vwap,VWAP,110,vwap,3.5018748937450948,3.5018748937450948,1.0,10.0,20,99.96997999999999,99.995,50.04000000000815,70.03399600000814,19.993996,0.9997497874893745,2.50212510625572,3.5018748937450948,0.0,0.0,0.0,3.5018748937450948,0,0,0,VALID,[],"{'cash': 199919.966004, 'inventory': 0, 'average_cost': 0.0, 'gross_realized_pnl': -50.03999999999928, 'unrealized_pnl': 0.0, 'total_fees': 19.993996, 'realized_pnl': -70.03399599999928, 'equity': 199919.966004, 'total_pnl': -70.03399599999928}",baseline_foundation_study,
pov,POV,110,pov,3.494875243762989,3.494875243762989,1.0,10.0,18,99.97005,99.995,49.90000000001601,69.89401000001601,19.994010000000003,0.9997504875243763,2.4951247562386123,3.494875243762989,0.0,0.0,0.0,3.494875243762989,0,0,0,VALID,[],"{'cash': 199920.10599000004, 'inventory': 0, 'average_cost': 0.0, 'gross_realized_pnl': -49.89999999999995, 'unrealized_pnl': 0.0, 'total_fees': 19.994010000000003, 'realized_pnl': -69.89400999999995, 'equity': 199920.10599000004, 'total_pnl': -69.89400999999995}",baseline_foundation_study,
ac,Almgren-Chriss,110,ac,2.694915245761997,2.694915245761997,1.0,10.0,20,99.97805000000001,99.995,33.89999999999418,53.89560999999418,19.99561,0.9998304915245763,1.6950847542374208,2.694915245761997,0.0,0.0,0.0,2.694915245761997,0,0,0,VALID,[],"{'cash': 199936.10439, 'inventory': 0, 'average_cost': 0.0, 'gross_realized_pnl': -33.90000000000164, 'unrealized_pnl': 0.0, 'total_fees': 19.99561, 'realized_pnl': -53.89561000000164, 'equity': 199936.10439, 'total_pnl': -53.89561000000164}",baseline_foundation_study,
heuristic,Heuristic,110,heuristic,2.6932486624324836,2.7889105455266656,0.9,10.0,20,99.97756111111111,99.995,31.389999999988504,48.47605199998851,17.08605200000001,0.8543453172658638,1.8345917295858682,2.7889105455266656,5.299999999999272,1.99937,2.5,5.288910545526665,0,200,200,WARNING,[],"{'cash': 179942.52394799996, 'inventory': 200, 'average_cost': 99.995, 'gross_realized_pnl': -31.39000000000327, 'unrealized_pnl': -3.999999999999204, 'total_fees': 17.08605200000001, 'realized_pnl': -48.47605200000328, 'equity': 199937.52394799996, 'total_pnl': -52.47605200000248}",baseline_foundation_study,-5.28891054552724
random,Random,110,random,3.0393525692318355,3.4073916195803027,0.748,10.0,15,99.97380347593584,99.995,31.70999999998647,45.466440999986474,13.756441000000002,0.6878564428221413,2.4676233811683814,3.4073916195803027,17.64,5.037984000000001,6.3,9.707391619580303,0,504,200,WARNING,[],"{'cash': 149547.05355900002, 'inventory': 504, 'average_cost': 99.995, 'gross_realized_pnl': -31.710000000002438, 'unrealized_pnl': -15.120000000000573, 'total_fees': 13.756441000000002, 'realized_pnl': -45.46644100000244, 'equity': 199929.413559, 'total_pnl': -60.58644100000301}",baseline_foundation_study,-9.70739161958098
